exposure_1990_2000_mean,exposure_1990_2000_sd,exposure_1990_2000_min,exposure_1990_2000_max,exposure_2000_2007_mean,exposure_2000_2007_sd,exposure_2000_2007_min,exposure_2000_2007_max,instrument_1990_2000_mean,instrument_1990_2000_sd,instrument_1990_2000_min,instrument_1990_2000_max,instrument_2000_2007_mean,instrument_2000_2007_sd,instrument_2000_2007_min,instrument_2000_2007_max
1.175687510594213,1.7822782407928761,-0.07535082812243526,25.405270328357442,2.635525269194927,3.0182312412449357,-0.6289579480862326,43.08460428680852,1.0030365160283214,1.0617957018885351,-0.467242923153732,8.616317075130056,2.50624338709085,2.537230960198189,-0.7233335528906133,28.65516011053555
