source,outcome,estimate,std.error,statistic,p.value,n_obs,controls
adhm2020_house_2002_2016,d2_rwin_2002_2016,1.1283962774923344,0.6462224489310178,1.7461421827095753,0.08732001075000793,722,z_l_shind_manuf_cbp; z_l_sh_popedu_c; z_l_sh_popfborn
adhm2020_house_2002_2016,d2_cfavg_repcon_2002_2016,1.1215742095255503,1.0125782278275481,1.1076420356497783,0.2736529424364522,722,z_l_shind_manuf_cbp; z_l_sh_popedu_c; z_l_sh_popfborn
adhm2020_house_2002_2016,d2_cfavg_repmod_2002_2016,-0.06300218265642965,0.9444790930260302,-0.06670574618499606,0.9470989143680411,722,z_l_shind_manuf_cbp; z_l_sh_popedu_c; z_l_sh_popfborn
adhm2020_house_2002_2016,d2_cfavg_demmod_2002_2016,-1.5414529742980632,1.1488454423785817,-1.3417409491625112,0.18612684110511682,722,z_l_shind_manuf_cbp; z_l_sh_popedu_c; z_l_sh_popfborn
adhm2020_house_2002_2016,d2_cfavg_demlib_2002_2016,0.5051269372480303,0.8539385279062128,0.591526111939884,0.5570025564853678,722,z_l_shind_manuf_cbp; z_l_sh_popedu_c; z_l_sh_popfborn
adhm2020_house_2002_2016,d2_teaparty_2002_2010,0.6814256556507081,0.7589814433733033,0.897815963223162,0.37386000828196464,722,z_l_shind_manuf_cbp; z_l_sh_popedu_c; z_l_sh_popfborn
adhm2020_president_2000_2016,d_shnr_pres_2000_2016,0.2103205405462955,0.16038416745698414,1.3113547545315192,0.19610837888730434,722,z_l_shind_manuf_cbp; z_l_sh_popedu_c; z_l_sh_popfborn
adhm2020_president_2000_2016,d_shnr_pres_2000_2008,0.20359493828169606,0.14210627512615273,1.4326949186512536,0.15856325559508438,722,z_l_shind_manuf_cbp; z_l_sh_popedu_c; z_l_sh_popfborn
