control,standardized_control,n_nonmissing,mean,sd,min,max
l_shind_manuf_cbp,z_l_shind_manuf_cbp,722,22.131169850228527,12.848215957923228,0.6904367208480835,61.819671630859375
l_sh_popedu_c,z_l_sh_popedu_c,722,42.194443396253895,8.573640410945398,19.9439754486084,69.64967346191406
l_sh_popfborn,z_l_sh_popfborn,722,3.912042399027359,4.968978453529709,0.38452690839767456,39.943973541259766
l_sh_empl_f,z_l_sh_empl_f,722,61.14152095192358,6.633984525706429,33.243263244628906,77.29937744140625
l_sh_routine33,z_l_sh_routine33,722,28.32367769700998,3.3616892612886584,19.991844177246094,37.74757766723633
l_task_outsource,z_l_task_outsource,722,-0.4099174326587559,0.4068310442216689,-1.4910008907318115,1.0248268842697144
